{
  "project_info": {
    "project_number": "933213277375",
    "project_id": "finalproject-8c2f6",
    "storage_bucket": "finalproject-8c2f6.appspot.com"
  },
  "client": [
    {
      "client_info": {
        "mobilesdk_app_id": "1:933213277375:android:830bb6dd62d2dd016eca0a",
        "android_client_info": {
          "package_name": "mobile.app.finalproject"
        }
      },
      "oauth_client": [
        {
          "client_id": "933213277375-vc6n35qe34ajuop7fh5u5l6jte8mjmlt.apps.googleusercontent.com",
          "client_type": 3
        }
      ],
      "api_key": [
        {
          "current_key": "AIzaSyB4gE0ck-wq4MpZL9OeDNa2Gsv4yfDLx_0"
        }
      ],
      "services": {
        "appinvite_service": {
          "other_platform_oauth_client": [
            {
              "client_id": "933213277375-vc6n35qe34ajuop7fh5u5l6jte8mjmlt.apps.googleusercontent.com",
              "client_type": 3
            }
          ]
        }
      }
    }
  ],
  "configuration_version": "1"
}